Reference	ID	Tags	OrigWords	Occurrence	TWLink
1:48	419829	mimejpg			rc://*/tm/dict/images/t/tent-wide.jpg
1:48	419842	mimejpg			rc://*/tm/dict/images/t/tent-close.jpg
1:48	419845	mimejpg			rc://*/tm/dict/images/t/tent-ultra-wide.jpg
1:49	419829	mimejpg			rc://*/tm/dict/images/t/tent-wide.jpg
1:49	419842	mimejpg			rc://*/tm/dict/images/t/tent-close.jpg
1:49	419845	mimejpg			rc://*/tm/dict/images/t/tent-ultra-wide.jpg
1:50	419829	mimejpg			rc://*/tm/dict/images/t/tent-wide.jpg
1:50	419842	mimejpg			rc://*/tm/dict/images/t/tent-close.jpg
1:50	419845	mimejpg			rc://*/tm/dict/images/t/tent-ultra-wide.jpg
1:51	419829	mimejpg			rc://*/tm/dict/images/t/tent-wide.jpg
1:51	419842	mimejpg			rc://*/tm/dict/images/t/tent-close.jpg
1:51	419845	mimejpg			rc://*/tm/dict/images/t/tent-ultra-wide.jpg
1:52	419829	mimejpg			rc://*/tm/dict/images/t/tent-wide.jpg
1:52	419842	mimejpg			rc://*/tm/dict/images/t/tent-close.jpg
1:52	419845	mimejpg			rc://*/tm/dict/images/t/tent-ultra-wide.jpg
1:53	419829	mimejpg			rc://*/tm/dict/images/t/tent-wide.jpg
1:53	419842	mimejpg			rc://*/tm/dict/images/t/tent-close.jpg
1:53	419845	mimejpg			rc://*/tm/dict/images/t/tent-ultra-wide.jpg
1:54	419829	mimejpg			rc://*/tm/dict/images/t/tent-wide.jpg
1:54	419842	mimejpg			rc://*/tm/dict/images/t/tent-close.jpg
1:54	419845	mimejpg			rc://*/tm/dict/images/t/tent-ultra-wide.jpg
5:11	367488	mimejpg			rc://*/tm/dict/images/g/grain-coarse-seed.jpg
5:11	368090	mimejpg			rc://*/tm/dict/images/g/grain-coarse-grinded.jpg
5:12	367488	mimejpg			rc://*/tm/dict/images/g/grain-coarse-seed.jpg
5:12	368090	mimejpg			rc://*/tm/dict/images/g/grain-coarse-grinded.jpg
5:13	367488	mimejpg			rc://*/tm/dict/images/g/grain-coarse-seed.jpg
5:13	368090	mimejpg			rc://*/tm/dict/images/g/grain-coarse-grinded.jpg
5:14	367488	mimejpg			rc://*/tm/dict/images/g/grain-coarse-seed.jpg
5:14	368090	mimejpg			rc://*/tm/dict/images/g/grain-coarse-grinded.jpg
5:15	367488	mimejpg			rc://*/tm/dict/images/g/grain-coarse-seed.jpg
5:15	368090	mimejpg			rc://*/tm/dict/images/g/grain-coarse-grinded.jpg
5:16	367488	mimejpg			rc://*/tm/dict/images/g/grain-coarse-seed.jpg
5:16	368090	mimejpg			rc://*/tm/dict/images/g/grain-coarse-grinded.jpg
5:17	367488	mimejpg			rc://*/tm/dict/images/g/grain-coarse-seed.jpg
5:17	368090	mimejpg			rc://*/tm/dict/images/g/grain-coarse-grinded.jpg
5:18	367488	mimejpg			rc://*/tm/dict/images/g/grain-coarse-seed.jpg
5:18	368090	mimejpg			rc://*/tm/dict/images/g/grain-coarse-grinded.jpg
5:19	367488	mimejpg			rc://*/tm/dict/images/g/grain-coarse-seed.jpg
5:19	368090	mimejpg			rc://*/tm/dict/images/g/grain-coarse-grinded.jpg
5:20	367488	mimejpg			rc://*/tm/dict/images/g/grain-coarse-seed.jpg
5:20	368090	mimejpg			rc://*/tm/dict/images/g/grain-coarse-grinded.jpg
5:21	367488	mimejpg			rc://*/tm/dict/images/g/grain-coarse-seed.jpg
5:21	368090	mimejpg			rc://*/tm/dict/images/g/grain-coarse-grinded.jpg
5:22	367488	mimejpg			rc://*/tm/dict/images/g/grain-coarse-seed.jpg
5:22	368090	mimejpg			rc://*/tm/dict/images/g/grain-coarse-grinded.jpg
5:23	367488	mimejpg			rc://*/tm/dict/images/g/grain-coarse-seed.jpg
5:23	368090	mimejpg			rc://*/tm/dict/images/g/grain-coarse-grinded.jpg
5:24	367488	mimejpg			rc://*/tm/dict/images/g/grain-coarse-seed.jpg
5:24	368090	mimejpg			rc://*/tm/dict/images/g/grain-coarse-grinded.jpg
5:25	367488	mimejpg			rc://*/tm/dict/images/g/grain-coarse-seed.jpg
5:25	368090	mimejpg			rc://*/tm/dict/images/g/grain-coarse-grinded.jpg
5:26	367488	mimejpg			rc://*/tm/dict/images/g/grain-coarse-seed.jpg
5:26	368090	mimejpg			rc://*/tm/dict/images/g/grain-coarse-grinded.jpg
5:27	367488	mimejpg			rc://*/tm/dict/images/g/grain-coarse-seed.jpg
5:27	368090	mimejpg			rc://*/tm/dict/images/g/grain-coarse-grinded.jpg
5:28	367488	mimejpg			rc://*/tm/dict/images/g/grain-coarse-seed.jpg
5:28	368090	mimejpg			rc://*/tm/dict/images/g/grain-coarse-grinded.jpg
5:29	367488	mimejpg			rc://*/tm/dict/images/g/grain-coarse-seed.jpg
5:29	368090	mimejpg			rc://*/tm/dict/images/g/grain-coarse-grinded.jpg
5:30	367488	mimejpg			rc://*/tm/dict/images/g/grain-coarse-seed.jpg
5:30	368090	mimejpg			rc://*/tm/dict/images/g/grain-coarse-grinded.jpg
5:31	367488	mimejpg			rc://*/tm/dict/images/g/grain-coarse-seed.jpg
5:31	368090	mimejpg			rc://*/tm/dict/images/g/grain-coarse-grinded.jpg
8:5	367485	mimejpg			rc://*/tm/dict/images/b/bull.jpg
8:6	367485	mimejpg			rc://*/tm/dict/images/b/bull.jpg
8:7	367485	mimejpg			rc://*/tm/dict/images/b/bull.jpg
8:8	367485	mimejpg			rc://*/tm/dict/images/b/bull.jpg
8:9	367485	mimejpg			rc://*/tm/dict/images/b/bull.jpg
8:10	367485	mimejpg			rc://*/tm/dict/images/b/bull.jpg
8:11	367485	mimejpg			rc://*/tm/dict/images/b/bull.jpg
8:12	367485	mimejpg			rc://*/tm/dict/images/b/bull.jpg
8:13	367485	mimejpg			rc://*/tm/dict/images/b/bull.jpg
8:14	367485	mimejpg			rc://*/tm/dict/images/b/bull.jpg
8:15	367485	mimejpg			rc://*/tm/dict/images/b/bull.jpg
8:16	367485	mimejpg			rc://*/tm/dict/images/b/bull.jpg
8:17	367485	mimejpg			rc://*/tm/dict/images/b/bull.jpg
8:18	367485	mimejpg			rc://*/tm/dict/images/b/bull.jpg
8:19	367485	mimejpg			rc://*/tm/dict/images/b/bull.jpg
8:20	367485	mimejpg			rc://*/tm/dict/images/b/bull.jpg
8:21	367485	mimejpg			rc://*/tm/dict/images/b/bull.jpg
8:22	367485	mimejpg			rc://*/tm/dict/images/b/bull.jpg
11:1	367448	mimejpg			rc://*/tm/dict/images/c/cucumber-market.jpg
11:1	367472	mimejpg			rc://*/tm/dict/images/m/melon.jpg
11:1	367475	mimejpg			rc://*/tm/dict/images/m/mortar-pestle.jpg
11:1	367490	mimejpg			rc://*/tm/dict/images/l/leek.jpg
11:1	367495	mimejpg			rc://*/tm/dict/images/m/melon-market.jpg
11:1	367500	mimejpg			rc://*/tm/dict/images/m/mortar-pestle-ancient.jpg
11:1	367518	mimejpg			rc://*/tm/dict/images/m/melon-cut.jpg
11:1	368091	mimejpg			rc://*/tm/dict/images/c/cucumber-close-up.jpg
11:1	368110	mimejpg			rc://*/tm/dict/images/m/mortar-pestle-close.jpg
11:1	368131	mimejpg			rc://*/tm/dict/images/g/garlic-close-view.jpg
11:2	367448	mimejpg			rc://*/tm/dict/images/c/cucumber-market.jpg
11:2	367472	mimejpg			rc://*/tm/dict/images/m/melon.jpg
11:2	367475	mimejpg			rc://*/tm/dict/images/m/mortar-pestle.jpg
11:2	367490	mimejpg			rc://*/tm/dict/images/l/leek.jpg
11:2	367495	mimejpg			rc://*/tm/dict/images/m/melon-market.jpg
11:2	367500	mimejpg			rc://*/tm/dict/images/m/mortar-pestle-ancient.jpg
11:2	367518	mimejpg			rc://*/tm/dict/images/m/melon-cut.jpg
11:2	368091	mimejpg			rc://*/tm/dict/images/c/cucumber-close-up.jpg
11:2	368110	mimejpg			rc://*/tm/dict/images/m/mortar-pestle-close.jpg
11:2	368131	mimejpg			rc://*/tm/dict/images/g/garlic-close-view.jpg
11:3	367448	mimejpg			rc://*/tm/dict/images/c/cucumber-market.jpg
11:3	367472	mimejpg			rc://*/tm/dict/images/m/melon.jpg
11:3	367475	mimejpg			rc://*/tm/dict/images/m/mortar-pestle.jpg
11:3	367490	mimejpg			rc://*/tm/dict/images/l/leek.jpg
11:3	367495	mimejpg			rc://*/tm/dict/images/m/melon-market.jpg
11:3	367500	mimejpg			rc://*/tm/dict/images/m/mortar-pestle-ancient.jpg
11:3	367518	mimejpg			rc://*/tm/dict/images/m/melon-cut.jpg
11:3	368091	mimejpg			rc://*/tm/dict/images/c/cucumber-close-up.jpg
11:3	368110	mimejpg			rc://*/tm/dict/images/m/mortar-pestle-close.jpg
11:3	368131	mimejpg			rc://*/tm/dict/images/g/garlic-close-view.jpg
11:4	367448	mimejpg			rc://*/tm/dict/images/c/cucumber-market.jpg
11:4	367472	mimejpg			rc://*/tm/dict/images/m/melon.jpg
11:4	367475	mimejpg			rc://*/tm/dict/images/m/mortar-pestle.jpg
11:4	367490	mimejpg			rc://*/tm/dict/images/l/leek.jpg
11:4	367495	mimejpg			rc://*/tm/dict/images/m/melon-market.jpg
11:4	367500	mimejpg			rc://*/tm/dict/images/m/mortar-pestle-ancient.jpg
11:4	367518	mimejpg			rc://*/tm/dict/images/m/melon-cut.jpg
11:4	368091	mimejpg			rc://*/tm/dict/images/c/cucumber-close-up.jpg
11:4	368110	mimejpg			rc://*/tm/dict/images/m/mortar-pestle-close.jpg
11:4	368131	mimejpg			rc://*/tm/dict/images/g/garlic-close-view.jpg
11:5	367448	mimejpg			rc://*/tm/dict/images/c/cucumber-market.jpg
11:5	367472	mimejpg			rc://*/tm/dict/images/m/melon.jpg
11:5	367475	mimejpg			rc://*/tm/dict/images/m/mortar-pestle.jpg
11:5	367490	mimejpg			rc://*/tm/dict/images/l/leek.jpg
11:5	367495	mimejpg			rc://*/tm/dict/images/m/melon-market.jpg
11:5	367500	mimejpg			rc://*/tm/dict/images/m/mortar-pestle-ancient.jpg
11:5	367518	mimejpg			rc://*/tm/dict/images/m/melon-cut.jpg
11:5	368091	mimejpg			rc://*/tm/dict/images/c/cucumber-close-up.jpg
11:5	368110	mimejpg			rc://*/tm/dict/images/m/mortar-pestle-close.jpg
11:5	368131	mimejpg			rc://*/tm/dict/images/g/garlic-close-view.jpg
11:6	367448	mimejpg			rc://*/tm/dict/images/c/cucumber-market.jpg
11:6	367472	mimejpg			rc://*/tm/dict/images/m/melon.jpg
11:6	367475	mimejpg			rc://*/tm/dict/images/m/mortar-pestle.jpg
11:6	367490	mimejpg			rc://*/tm/dict/images/l/leek.jpg
11:6	367495	mimejpg			rc://*/tm/dict/images/m/melon-market.jpg
11:6	367500	mimejpg			rc://*/tm/dict/images/m/mortar-pestle-ancient.jpg
11:6	367518	mimejpg			rc://*/tm/dict/images/m/melon-cut.jpg
11:6	368091	mimejpg			rc://*/tm/dict/images/c/cucumber-close-up.jpg
11:6	368110	mimejpg			rc://*/tm/dict/images/m/mortar-pestle-close.jpg
11:6	368131	mimejpg			rc://*/tm/dict/images/g/garlic-close-view.jpg
11:7	367448	mimejpg			rc://*/tm/dict/images/c/cucumber-market.jpg
11:7	367472	mimejpg			rc://*/tm/dict/images/m/melon.jpg
11:7	367475	mimejpg			rc://*/tm/dict/images/m/mortar-pestle.jpg
11:7	367490	mimejpg			rc://*/tm/dict/images/l/leek.jpg
11:7	367495	mimejpg			rc://*/tm/dict/images/m/melon-market.jpg
11:7	367500	mimejpg			rc://*/tm/dict/images/m/mortar-pestle-ancient.jpg
11:7	367518	mimejpg			rc://*/tm/dict/images/m/melon-cut.jpg
11:7	368091	mimejpg			rc://*/tm/dict/images/c/cucumber-close-up.jpg
11:7	368110	mimejpg			rc://*/tm/dict/images/m/mortar-pestle-close.jpg
11:7	368131	mimejpg			rc://*/tm/dict/images/g/garlic-close-view.jpg
11:8	367448	mimejpg			rc://*/tm/dict/images/c/cucumber-market.jpg
11:8	367472	mimejpg			rc://*/tm/dict/images/m/melon.jpg
11:8	367475	mimejpg			rc://*/tm/dict/images/m/mortar-pestle.jpg
11:8	367490	mimejpg			rc://*/tm/dict/images/l/leek.jpg
11:8	367495	mimejpg			rc://*/tm/dict/images/m/melon-market.jpg
11:8	367500	mimejpg			rc://*/tm/dict/images/m/mortar-pestle-ancient.jpg
11:8	367518	mimejpg			rc://*/tm/dict/images/m/melon-cut.jpg
11:8	368091	mimejpg			rc://*/tm/dict/images/c/cucumber-close-up.jpg
11:8	368110	mimejpg			rc://*/tm/dict/images/m/mortar-pestle-close.jpg
11:8	368131	mimejpg			rc://*/tm/dict/images/g/garlic-close-view.jpg
11:9	367448	mimejpg			rc://*/tm/dict/images/c/cucumber-market.jpg
11:9	367472	mimejpg			rc://*/tm/dict/images/m/melon.jpg
11:9	367475	mimejpg			rc://*/tm/dict/images/m/mortar-pestle.jpg
11:9	367490	mimejpg			rc://*/tm/dict/images/l/leek.jpg
11:9	367495	mimejpg			rc://*/tm/dict/images/m/melon-market.jpg
11:9	367500	mimejpg			rc://*/tm/dict/images/m/mortar-pestle-ancient.jpg
11:9	367518	mimejpg			rc://*/tm/dict/images/m/melon-cut.jpg
11:9	368091	mimejpg			rc://*/tm/dict/images/c/cucumber-close-up.jpg
11:9	368110	mimejpg			rc://*/tm/dict/images/m/mortar-pestle-close.jpg
11:9	368131	mimejpg			rc://*/tm/dict/images/g/garlic-close-view.jpg
11:10	367448	mimejpg			rc://*/tm/dict/images/c/cucumber-market.jpg
11:10	367472	mimejpg			rc://*/tm/dict/images/m/melon.jpg
11:10	367475	mimejpg			rc://*/tm/dict/images/m/mortar-pestle.jpg
11:10	367490	mimejpg			rc://*/tm/dict/images/l/leek.jpg
11:10	367495	mimejpg			rc://*/tm/dict/images/m/melon-market.jpg
11:10	367500	mimejpg			rc://*/tm/dict/images/m/mortar-pestle-ancient.jpg
11:10	367518	mimejpg			rc://*/tm/dict/images/m/melon-cut.jpg
11:10	368091	mimejpg			rc://*/tm/dict/images/c/cucumber-close-up.jpg
11:10	368110	mimejpg			rc://*/tm/dict/images/m/mortar-pestle-close.jpg
11:10	368131	mimejpg			rc://*/tm/dict/images/g/garlic-close-view.jpg
11:11	367448	mimejpg			rc://*/tm/dict/images/c/cucumber-market.jpg
11:11	367472	mimejpg			rc://*/tm/dict/images/m/melon.jpg
11:11	367475	mimejpg			rc://*/tm/dict/images/m/mortar-pestle.jpg
11:11	367490	mimejpg			rc://*/tm/dict/images/l/leek.jpg
11:11	367495	mimejpg			rc://*/tm/dict/images/m/melon-market.jpg
11:11	367500	mimejpg			rc://*/tm/dict/images/m/mortar-pestle-ancient.jpg
11:11	367518	mimejpg			rc://*/tm/dict/images/m/melon-cut.jpg
11:11	368091	mimejpg			rc://*/tm/dict/images/c/cucumber-close-up.jpg
11:11	368110	mimejpg			rc://*/tm/dict/images/m/mortar-pestle-close.jpg
11:11	368131	mimejpg			rc://*/tm/dict/images/g/garlic-close-view.jpg
11:12	367448	mimejpg			rc://*/tm/dict/images/c/cucumber-market.jpg
11:12	367472	mimejpg			rc://*/tm/dict/images/m/melon.jpg
11:12	367475	mimejpg			rc://*/tm/dict/images/m/mortar-pestle.jpg
11:12	367490	mimejpg			rc://*/tm/dict/images/l/leek.jpg
11:12	367495	mimejpg			rc://*/tm/dict/images/m/melon-market.jpg
11:12	367500	mimejpg			rc://*/tm/dict/images/m/mortar-pestle-ancient.jpg
11:12	367518	mimejpg			rc://*/tm/dict/images/m/melon-cut.jpg
11:12	368091	mimejpg			rc://*/tm/dict/images/c/cucumber-close-up.jpg
11:12	368110	mimejpg			rc://*/tm/dict/images/m/mortar-pestle-close.jpg
11:12	368131	mimejpg			rc://*/tm/dict/images/g/garlic-close-view.jpg
11:13	367448	mimejpg			rc://*/tm/dict/images/c/cucumber-market.jpg
11:13	367472	mimejpg			rc://*/tm/dict/images/m/melon.jpg
11:13	367475	mimejpg			rc://*/tm/dict/images/m/mortar-pestle.jpg
11:13	367490	mimejpg			rc://*/tm/dict/images/l/leek.jpg
11:13	367495	mimejpg			rc://*/tm/dict/images/m/melon-market.jpg
11:13	367500	mimejpg			rc://*/tm/dict/images/m/mortar-pestle-ancient.jpg
11:13	367518	mimejpg			rc://*/tm/dict/images/m/melon-cut.jpg
11:13	368091	mimejpg			rc://*/tm/dict/images/c/cucumber-close-up.jpg
11:13	368110	mimejpg			rc://*/tm/dict/images/m/mortar-pestle-close.jpg
11:13	368131	mimejpg			rc://*/tm/dict/images/g/garlic-close-view.jpg
11:14	367448	mimejpg			rc://*/tm/dict/images/c/cucumber-market.jpg
11:14	367472	mimejpg			rc://*/tm/dict/images/m/melon.jpg
11:14	367475	mimejpg			rc://*/tm/dict/images/m/mortar-pestle.jpg
11:14	367490	mimejpg			rc://*/tm/dict/images/l/leek.jpg
11:14	367495	mimejpg			rc://*/tm/dict/images/m/melon-market.jpg
11:14	367500	mimejpg			rc://*/tm/dict/images/m/mortar-pestle-ancient.jpg
11:14	367518	mimejpg			rc://*/tm/dict/images/m/melon-cut.jpg
11:14	368091	mimejpg			rc://*/tm/dict/images/c/cucumber-close-up.jpg
11:14	368110	mimejpg			rc://*/tm/dict/images/m/mortar-pestle-close.jpg
11:14	368131	mimejpg			rc://*/tm/dict/images/g/garlic-close-view.jpg
11:15	367448	mimejpg			rc://*/tm/dict/images/c/cucumber-market.jpg
11:15	367472	mimejpg			rc://*/tm/dict/images/m/melon.jpg
11:15	367475	mimejpg			rc://*/tm/dict/images/m/mortar-pestle.jpg
11:15	367490	mimejpg			rc://*/tm/dict/images/l/leek.jpg
11:15	367495	mimejpg			rc://*/tm/dict/images/m/melon-market.jpg
11:15	367500	mimejpg			rc://*/tm/dict/images/m/mortar-pestle-ancient.jpg
11:15	367518	mimejpg			rc://*/tm/dict/images/m/melon-cut.jpg
11:15	368091	mimejpg			rc://*/tm/dict/images/c/cucumber-close-up.jpg
11:15	368110	mimejpg			rc://*/tm/dict/images/m/mortar-pestle-close.jpg
11:15	368131	mimejpg			rc://*/tm/dict/images/g/garlic-close-view.jpg
13:17	367443	mimejpg			rc://*/tm/dict/images/h/hill-country-town.jpg
13:17	367447	mimejpg			rc://*/tm/dict/images/h/hill-country-spring.jpg
13:17	367462	mimejpg			rc://*/tm/dict/images/r/river-valley.jpg
13:17	367483	mimejpg			rc://*/tm/dict/images/c/city-walled-model.jpg
13:17	367507	mimejpg			rc://*/tm/dict/images/d/dry-river-valley.jpg
13:17	368082	mimejpg			rc://*/tm/dict/images/c/city-wall-model.jpg
13:17	368101	mimejpg			rc://*/tm/dict/images/c/city-walled-outside.jpg
13:17	368145	mimejpg			rc://*/tm/dict/images/h/hill-country.jpg
13:18	367443	mimejpg			rc://*/tm/dict/images/h/hill-country-town.jpg
13:18	367447	mimejpg			rc://*/tm/dict/images/h/hill-country-spring.jpg
13:18	367462	mimejpg			rc://*/tm/dict/images/r/river-valley.jpg
13:18	367483	mimejpg			rc://*/tm/dict/images/c/city-walled-model.jpg
13:18	367507	mimejpg			rc://*/tm/dict/images/d/dry-river-valley.jpg
13:18	368082	mimejpg			rc://*/tm/dict/images/c/city-wall-model.jpg
13:18	368101	mimejpg			rc://*/tm/dict/images/c/city-walled-outside.jpg
13:18	368145	mimejpg			rc://*/tm/dict/images/h/hill-country.jpg
13:19	367443	mimejpg			rc://*/tm/dict/images/h/hill-country-town.jpg
13:19	367447	mimejpg			rc://*/tm/dict/images/h/hill-country-spring.jpg
13:19	367462	mimejpg			rc://*/tm/dict/images/r/river-valley.jpg
13:19	367483	mimejpg			rc://*/tm/dict/images/c/city-walled-model.jpg
13:19	367507	mimejpg			rc://*/tm/dict/images/d/dry-river-valley.jpg
13:19	368082	mimejpg			rc://*/tm/dict/images/c/city-wall-model.jpg
13:19	368101	mimejpg			rc://*/tm/dict/images/c/city-walled-outside.jpg
13:19	368145	mimejpg			rc://*/tm/dict/images/h/hill-country.jpg
13:20	367443	mimejpg			rc://*/tm/dict/images/h/hill-country-town.jpg
13:20	367447	mimejpg			rc://*/tm/dict/images/h/hill-country-spring.jpg
13:20	367462	mimejpg			rc://*/tm/dict/images/r/river-valley.jpg
13:20	367483	mimejpg			rc://*/tm/dict/images/c/city-walled-model.jpg
13:20	367507	mimejpg			rc://*/tm/dict/images/d/dry-river-valley.jpg
13:20	368082	mimejpg			rc://*/tm/dict/images/c/city-wall-model.jpg
13:20	368101	mimejpg			rc://*/tm/dict/images/c/city-walled-outside.jpg
13:20	368145	mimejpg			rc://*/tm/dict/images/h/hill-country.jpg
13:21	367443	mimejpg			rc://*/tm/dict/images/h/hill-country-town.jpg
13:21	367447	mimejpg			rc://*/tm/dict/images/h/hill-country-spring.jpg
13:21	367462	mimejpg			rc://*/tm/dict/images/r/river-valley.jpg
13:21	367483	mimejpg			rc://*/tm/dict/images/c/city-walled-model.jpg
13:21	367507	mimejpg			rc://*/tm/dict/images/d/dry-river-valley.jpg
13:21	368082	mimejpg			rc://*/tm/dict/images/c/city-wall-model.jpg
13:21	368101	mimejpg			rc://*/tm/dict/images/c/city-walled-outside.jpg
13:21	368145	mimejpg			rc://*/tm/dict/images/h/hill-country.jpg
13:22	367443	mimejpg			rc://*/tm/dict/images/h/hill-country-town.jpg
13:22	367447	mimejpg			rc://*/tm/dict/images/h/hill-country-spring.jpg
13:22	367462	mimejpg			rc://*/tm/dict/images/r/river-valley.jpg
13:22	367483	mimejpg			rc://*/tm/dict/images/c/city-walled-model.jpg
13:22	367507	mimejpg			rc://*/tm/dict/images/d/dry-river-valley.jpg
13:22	368082	mimejpg			rc://*/tm/dict/images/c/city-wall-model.jpg
13:22	368101	mimejpg			rc://*/tm/dict/images/c/city-walled-outside.jpg
13:22	368145	mimejpg			rc://*/tm/dict/images/h/hill-country.jpg
13:23	367443	mimejpg			rc://*/tm/dict/images/h/hill-country-town.jpg
13:23	367447	mimejpg			rc://*/tm/dict/images/h/hill-country-spring.jpg
13:23	367462	mimejpg			rc://*/tm/dict/images/r/river-valley.jpg
13:23	367483	mimejpg			rc://*/tm/dict/images/c/city-walled-model.jpg
13:23	367507	mimejpg			rc://*/tm/dict/images/d/dry-river-valley.jpg
13:23	368082	mimejpg			rc://*/tm/dict/images/c/city-wall-model.jpg
13:23	368101	mimejpg			rc://*/tm/dict/images/c/city-walled-outside.jpg
13:23	368145	mimejpg			rc://*/tm/dict/images/h/hill-country.jpg
13:24	367443	mimejpg			rc://*/tm/dict/images/h/hill-country-town.jpg
13:24	367447	mimejpg			rc://*/tm/dict/images/h/hill-country-spring.jpg
13:24	367462	mimejpg			rc://*/tm/dict/images/r/river-valley.jpg
13:24	367483	mimejpg			rc://*/tm/dict/images/c/city-walled-model.jpg
13:24	367507	mimejpg			rc://*/tm/dict/images/d/dry-river-valley.jpg
13:24	368082	mimejpg			rc://*/tm/dict/images/c/city-wall-model.jpg
13:24	368101	mimejpg			rc://*/tm/dict/images/c/city-walled-outside.jpg
13:24	368145	mimejpg			rc://*/tm/dict/images/h/hill-country.jpg
13:25	367443	mimejpg			rc://*/tm/dict/images/h/hill-country-town.jpg
13:25	367447	mimejpg			rc://*/tm/dict/images/h/hill-country-spring.jpg
13:25	367462	mimejpg			rc://*/tm/dict/images/r/river-valley.jpg
13:25	367483	mimejpg			rc://*/tm/dict/images/c/city-walled-model.jpg
13:25	367507	mimejpg			rc://*/tm/dict/images/d/dry-river-valley.jpg
13:25	368082	mimejpg			rc://*/tm/dict/images/c/city-wall-model.jpg
13:25	368101	mimejpg			rc://*/tm/dict/images/c/city-walled-outside.jpg
13:25	368145	mimejpg			rc://*/tm/dict/images/h/hill-country.jpg
13:26	367443	mimejpg			rc://*/tm/dict/images/h/hill-country-town.jpg
13:26	367447	mimejpg			rc://*/tm/dict/images/h/hill-country-spring.jpg
13:26	367462	mimejpg			rc://*/tm/dict/images/r/river-valley.jpg
13:26	367483	mimejpg			rc://*/tm/dict/images/c/city-walled-model.jpg
13:26	367507	mimejpg			rc://*/tm/dict/images/d/dry-river-valley.jpg
13:26	368082	mimejpg			rc://*/tm/dict/images/c/city-wall-model.jpg
13:26	368101	mimejpg			rc://*/tm/dict/images/c/city-walled-outside.jpg
13:26	368145	mimejpg			rc://*/tm/dict/images/h/hill-country.jpg
13:27	367443	mimejpg			rc://*/tm/dict/images/h/hill-country-town.jpg
13:27	367447	mimejpg			rc://*/tm/dict/images/h/hill-country-spring.jpg
13:27	367462	mimejpg			rc://*/tm/dict/images/r/river-valley.jpg
13:27	367483	mimejpg			rc://*/tm/dict/images/c/city-walled-model.jpg
13:27	367507	mimejpg			rc://*/tm/dict/images/d/dry-river-valley.jpg
13:27	368082	mimejpg			rc://*/tm/dict/images/c/city-wall-model.jpg
13:27	368101	mimejpg			rc://*/tm/dict/images/c/city-walled-outside.jpg
13:27	368145	mimejpg			rc://*/tm/dict/images/h/hill-country.jpg
13:28	367443	mimejpg			rc://*/tm/dict/images/h/hill-country-town.jpg
13:28	367447	mimejpg			rc://*/tm/dict/images/h/hill-country-spring.jpg
13:28	367462	mimejpg			rc://*/tm/dict/images/r/river-valley.jpg
13:28	367483	mimejpg			rc://*/tm/dict/images/c/city-walled-model.jpg
13:28	367507	mimejpg			rc://*/tm/dict/images/d/dry-river-valley.jpg
13:28	368082	mimejpg			rc://*/tm/dict/images/c/city-wall-model.jpg
13:28	368101	mimejpg			rc://*/tm/dict/images/c/city-walled-outside.jpg
13:28	368145	mimejpg			rc://*/tm/dict/images/h/hill-country.jpg
13:29	367443	mimejpg			rc://*/tm/dict/images/h/hill-country-town.jpg
13:29	367447	mimejpg			rc://*/tm/dict/images/h/hill-country-spring.jpg
13:29	367462	mimejpg			rc://*/tm/dict/images/r/river-valley.jpg
13:29	367483	mimejpg			rc://*/tm/dict/images/c/city-walled-model.jpg
13:29	367507	mimejpg			rc://*/tm/dict/images/d/dry-river-valley.jpg
13:29	368082	mimejpg			rc://*/tm/dict/images/c/city-wall-model.jpg
13:29	368101	mimejpg			rc://*/tm/dict/images/c/city-walled-outside.jpg
13:29	368145	mimejpg			rc://*/tm/dict/images/h/hill-country.jpg
13:30	367443	mimejpg			rc://*/tm/dict/images/h/hill-country-town.jpg
13:30	367447	mimejpg			rc://*/tm/dict/images/h/hill-country-spring.jpg
13:30	367462	mimejpg			rc://*/tm/dict/images/r/river-valley.jpg
13:30	367483	mimejpg			rc://*/tm/dict/images/c/city-walled-model.jpg
13:30	367507	mimejpg			rc://*/tm/dict/images/d/dry-river-valley.jpg
13:30	368082	mimejpg			rc://*/tm/dict/images/c/city-wall-model.jpg
13:30	368101	mimejpg			rc://*/tm/dict/images/c/city-walled-outside.jpg
13:30	368145	mimejpg			rc://*/tm/dict/images/h/hill-country.jpg
13:31	367443	mimejpg			rc://*/tm/dict/images/h/hill-country-town.jpg
13:31	367447	mimejpg			rc://*/tm/dict/images/h/hill-country-spring.jpg
13:31	367462	mimejpg			rc://*/tm/dict/images/r/river-valley.jpg
13:31	367483	mimejpg			rc://*/tm/dict/images/c/city-walled-model.jpg
13:31	367507	mimejpg			rc://*/tm/dict/images/d/dry-river-valley.jpg
13:31	368082	mimejpg			rc://*/tm/dict/images/c/city-wall-model.jpg
13:31	368101	mimejpg			rc://*/tm/dict/images/c/city-walled-outside.jpg
13:31	368145	mimejpg			rc://*/tm/dict/images/h/hill-country.jpg
13:32	367443	mimejpg			rc://*/tm/dict/images/h/hill-country-town.jpg
13:32	367447	mimejpg			rc://*/tm/dict/images/h/hill-country-spring.jpg
13:32	367462	mimejpg			rc://*/tm/dict/images/r/river-valley.jpg
13:32	367483	mimejpg			rc://*/tm/dict/images/c/city-walled-model.jpg
13:32	367507	mimejpg			rc://*/tm/dict/images/d/dry-river-valley.jpg
13:32	368082	mimejpg			rc://*/tm/dict/images/c/city-wall-model.jpg
13:32	368101	mimejpg			rc://*/tm/dict/images/c/city-walled-outside.jpg
13:32	368145	mimejpg			rc://*/tm/dict/images/h/hill-country.jpg
13:33	367443	mimejpg			rc://*/tm/dict/images/h/hill-country-town.jpg
13:33	367447	mimejpg			rc://*/tm/dict/images/h/hill-country-spring.jpg
13:33	367462	mimejpg			rc://*/tm/dict/images/r/river-valley.jpg
13:33	367483	mimejpg			rc://*/tm/dict/images/c/city-walled-model.jpg
13:33	367507	mimejpg			rc://*/tm/dict/images/d/dry-river-valley.jpg
13:33	368082	mimejpg			rc://*/tm/dict/images/c/city-wall-model.jpg
13:33	368101	mimejpg			rc://*/tm/dict/images/c/city-walled-outside.jpg
13:33	368145	mimejpg			rc://*/tm/dict/images/h/hill-country.jpg
14:1	367506	mimejpg			rc://*/tm/dict/images/p/prostration-men.jpg
14:1	368092	mimejpg			rc://*/tm/dict/images/p/prostration-wide-view.jpg
14:2	367506	mimejpg			rc://*/tm/dict/images/p/prostration-men.jpg
14:2	368092	mimejpg			rc://*/tm/dict/images/p/prostration-wide-view.jpg
14:3	367506	mimejpg			rc://*/tm/dict/images/p/prostration-men.jpg
14:3	368092	mimejpg			rc://*/tm/dict/images/p/prostration-wide-view.jpg
14:4	367506	mimejpg			rc://*/tm/dict/images/p/prostration-men.jpg
14:4	368092	mimejpg			rc://*/tm/dict/images/p/prostration-wide-view.jpg
14:5	367506	mimejpg			rc://*/tm/dict/images/p/prostration-men.jpg
14:5	368092	mimejpg			rc://*/tm/dict/images/p/prostration-wide-view.jpg
14:6	367506	mimejpg			rc://*/tm/dict/images/p/prostration-men.jpg
14:6	368092	mimejpg			rc://*/tm/dict/images/p/prostration-wide-view.jpg
14:7	367506	mimejpg			rc://*/tm/dict/images/p/prostration-men.jpg
14:7	368092	mimejpg			rc://*/tm/dict/images/p/prostration-wide-view.jpg
14:8	367506	mimejpg			rc://*/tm/dict/images/p/prostration-men.jpg
14:8	368092	mimejpg			rc://*/tm/dict/images/p/prostration-wide-view.jpg
14:9	367506	mimejpg			rc://*/tm/dict/images/p/prostration-men.jpg
14:9	368092	mimejpg			rc://*/tm/dict/images/p/prostration-wide-view.jpg
14:10	367506	mimejpg			rc://*/tm/dict/images/p/prostration-men.jpg
14:10	368092	mimejpg			rc://*/tm/dict/images/p/prostration-wide-view.jpg
15:1	367485	mimejpg			rc://*/tm/dict/images/b/bull.jpg
15:2	367485	mimejpg			rc://*/tm/dict/images/b/bull.jpg
15:3	367485	mimejpg			rc://*/tm/dict/images/b/bull.jpg
15:4	367485	mimejpg			rc://*/tm/dict/images/b/bull.jpg
15:5	367485	mimejpg			rc://*/tm/dict/images/b/bull.jpg
15:6	367485	mimejpg			rc://*/tm/dict/images/b/bull.jpg
15:7	367485	mimejpg			rc://*/tm/dict/images/b/bull.jpg
15:8	367485	mimejpg			rc://*/tm/dict/images/b/bull.jpg
15:9	367485	mimejpg			rc://*/tm/dict/images/b/bull.jpg
15:10	367485	mimejpg			rc://*/tm/dict/images/b/bull.jpg
15:11	367485	mimejpg			rc://*/tm/dict/images/b/bull.jpg
15:12	367485	mimejpg			rc://*/tm/dict/images/b/bull.jpg
15:13	367485	mimejpg			rc://*/tm/dict/images/b/bull.jpg
15:14	367485	mimejpg			rc://*/tm/dict/images/b/bull.jpg
15:15	367485	mimejpg			rc://*/tm/dict/images/b/bull.jpg
15:16	367485	mimejpg			rc://*/tm/dict/images/b/bull.jpg
15:17	367456	mimejpg			rc://*/tm/dict/images/t/threshing-floor.jpg
15:17	367488	mimejpg			rc://*/tm/dict/images/g/grain-coarse-seed.jpg
15:17	368090	mimejpg			rc://*/tm/dict/images/g/grain-coarse-grinded.jpg
15:18	367456	mimejpg			rc://*/tm/dict/images/t/threshing-floor.jpg
15:18	367488	mimejpg			rc://*/tm/dict/images/g/grain-coarse-seed.jpg
15:18	368090	mimejpg			rc://*/tm/dict/images/g/grain-coarse-grinded.jpg
15:19	367456	mimejpg			rc://*/tm/dict/images/t/threshing-floor.jpg
15:19	367488	mimejpg			rc://*/tm/dict/images/g/grain-coarse-seed.jpg
15:19	368090	mimejpg			rc://*/tm/dict/images/g/grain-coarse-grinded.jpg
15:20	367456	mimejpg			rc://*/tm/dict/images/t/threshing-floor.jpg
15:20	367488	mimejpg			rc://*/tm/dict/images/g/grain-coarse-seed.jpg
15:20	368090	mimejpg			rc://*/tm/dict/images/g/grain-coarse-grinded.jpg
15:21	367456	mimejpg			rc://*/tm/dict/images/t/threshing-floor.jpg
15:21	367488	mimejpg			rc://*/tm/dict/images/g/grain-coarse-seed.jpg
15:21	368090	mimejpg			rc://*/tm/dict/images/g/grain-coarse-grinded.jpg
16:1	367484	mimejpg			rc://*/tm/dict/images/c/censer.jpg
16:1	368118	mimejpg			rc://*/tm/dict/images/c/censer-people.jpg
16:1	368121	mimejpg			rc://*/tm/dict/images/c/censer-bronze.jpg
16:2	367484	mimejpg			rc://*/tm/dict/images/c/censer.jpg
16:2	368118	mimejpg			rc://*/tm/dict/images/c/censer-people.jpg
16:2	368121	mimejpg			rc://*/tm/dict/images/c/censer-bronze.jpg
16:3	367484	mimejpg			rc://*/tm/dict/images/c/censer.jpg
16:3	368118	mimejpg			rc://*/tm/dict/images/c/censer-people.jpg
16:3	368121	mimejpg			rc://*/tm/dict/images/c/censer-bronze.jpg
16:4	367484	mimejpg			rc://*/tm/dict/images/c/censer.jpg
16:4	368118	mimejpg			rc://*/tm/dict/images/c/censer-people.jpg
16:4	368121	mimejpg			rc://*/tm/dict/images/c/censer-bronze.jpg
16:5	367484	mimejpg			rc://*/tm/dict/images/c/censer.jpg
16:5	368118	mimejpg			rc://*/tm/dict/images/c/censer-people.jpg
16:5	368121	mimejpg			rc://*/tm/dict/images/c/censer-bronze.jpg
16:6	367484	mimejpg			rc://*/tm/dict/images/c/censer.jpg
16:6	368118	mimejpg			rc://*/tm/dict/images/c/censer-people.jpg
16:6	368121	mimejpg			rc://*/tm/dict/images/c/censer-bronze.jpg
16:7	367484	mimejpg			rc://*/tm/dict/images/c/censer.jpg
16:7	368118	mimejpg			rc://*/tm/dict/images/c/censer-people.jpg
16:7	368121	mimejpg			rc://*/tm/dict/images/c/censer-bronze.jpg
16:8	367484	mimejpg			rc://*/tm/dict/images/c/censer.jpg
16:8	368118	mimejpg			rc://*/tm/dict/images/c/censer-people.jpg
16:8	368121	mimejpg			rc://*/tm/dict/images/c/censer-bronze.jpg
16:9	367484	mimejpg			rc://*/tm/dict/images/c/censer.jpg
16:9	368118	mimejpg			rc://*/tm/dict/images/c/censer-people.jpg
16:9	368121	mimejpg			rc://*/tm/dict/images/c/censer-bronze.jpg
16:10	367484	mimejpg			rc://*/tm/dict/images/c/censer.jpg
16:10	368118	mimejpg			rc://*/tm/dict/images/c/censer-people.jpg
16:10	368121	mimejpg			rc://*/tm/dict/images/c/censer-bronze.jpg
16:11	367484	mimejpg			rc://*/tm/dict/images/c/censer.jpg
16:11	368118	mimejpg			rc://*/tm/dict/images/c/censer-people.jpg
16:11	368121	mimejpg			rc://*/tm/dict/images/c/censer-bronze.jpg
16:12	367484	mimejpg			rc://*/tm/dict/images/c/censer.jpg
16:12	368118	mimejpg			rc://*/tm/dict/images/c/censer-people.jpg
16:12	368121	mimejpg			rc://*/tm/dict/images/c/censer-bronze.jpg
16:13	367484	mimejpg			rc://*/tm/dict/images/c/censer.jpg
16:13	368118	mimejpg			rc://*/tm/dict/images/c/censer-people.jpg
16:13	368121	mimejpg			rc://*/tm/dict/images/c/censer-bronze.jpg
16:14	367484	mimejpg			rc://*/tm/dict/images/c/censer.jpg
16:14	368118	mimejpg			rc://*/tm/dict/images/c/censer-people.jpg
16:14	368121	mimejpg			rc://*/tm/dict/images/c/censer-bronze.jpg
16:15	367484	mimejpg			rc://*/tm/dict/images/c/censer.jpg
16:15	368118	mimejpg			rc://*/tm/dict/images/c/censer-people.jpg
16:15	368121	mimejpg			rc://*/tm/dict/images/c/censer-bronze.jpg
16:16	367484	mimejpg			rc://*/tm/dict/images/c/censer.jpg
16:16	368118	mimejpg			rc://*/tm/dict/images/c/censer-people.jpg
16:16	368121	mimejpg			rc://*/tm/dict/images/c/censer-bronze.jpg
16:17	367484	mimejpg			rc://*/tm/dict/images/c/censer.jpg
16:17	368118	mimejpg			rc://*/tm/dict/images/c/censer-people.jpg
16:17	368121	mimejpg			rc://*/tm/dict/images/c/censer-bronze.jpg
16:18	367484	mimejpg			rc://*/tm/dict/images/c/censer.jpg
16:18	368118	mimejpg			rc://*/tm/dict/images/c/censer-people.jpg
16:18	368121	mimejpg			rc://*/tm/dict/images/c/censer-bronze.jpg
16:19	367484	mimejpg			rc://*/tm/dict/images/c/censer.jpg
16:19	368118	mimejpg			rc://*/tm/dict/images/c/censer-people.jpg
16:19	368121	mimejpg			rc://*/tm/dict/images/c/censer-bronze.jpg
16:36	367484	mimejpg			rc://*/tm/dict/images/c/censer.jpg
16:36	368118	mimejpg			rc://*/tm/dict/images/c/censer-people.jpg
16:36	368121	mimejpg			rc://*/tm/dict/images/c/censer-bronze.jpg
16:37	367484	mimejpg			rc://*/tm/dict/images/c/censer.jpg
16:37	368118	mimejpg			rc://*/tm/dict/images/c/censer-people.jpg
16:37	368121	mimejpg			rc://*/tm/dict/images/c/censer-bronze.jpg
16:38	367484	mimejpg			rc://*/tm/dict/images/c/censer.jpg
16:38	368118	mimejpg			rc://*/tm/dict/images/c/censer-people.jpg
16:38	368121	mimejpg			rc://*/tm/dict/images/c/censer-bronze.jpg
16:39	367484	mimejpg			rc://*/tm/dict/images/c/censer.jpg
16:39	368118	mimejpg			rc://*/tm/dict/images/c/censer-people.jpg
16:39	368121	mimejpg			rc://*/tm/dict/images/c/censer-bronze.jpg
16:40	367484	mimejpg			rc://*/tm/dict/images/c/censer.jpg
16:40	368118	mimejpg			rc://*/tm/dict/images/c/censer-people.jpg
16:40	368121	mimejpg			rc://*/tm/dict/images/c/censer-bronze.jpg
16:41	367484	mimejpg			rc://*/tm/dict/images/c/censer.jpg
16:41	368118	mimejpg			rc://*/tm/dict/images/c/censer-people.jpg
16:41	368121	mimejpg			rc://*/tm/dict/images/c/censer-bronze.jpg
16:42	367484	mimejpg			rc://*/tm/dict/images/c/censer.jpg
16:42	368118	mimejpg			rc://*/tm/dict/images/c/censer-people.jpg
16:42	368121	mimejpg			rc://*/tm/dict/images/c/censer-bronze.jpg
16:43	367484	mimejpg			rc://*/tm/dict/images/c/censer.jpg
16:43	368118	mimejpg			rc://*/tm/dict/images/c/censer-people.jpg
16:43	368121	mimejpg			rc://*/tm/dict/images/c/censer-bronze.jpg
16:44	367484	mimejpg			rc://*/tm/dict/images/c/censer.jpg
16:44	368118	mimejpg			rc://*/tm/dict/images/c/censer-people.jpg
16:44	368121	mimejpg			rc://*/tm/dict/images/c/censer-bronze.jpg
16:45	367484	mimejpg			rc://*/tm/dict/images/c/censer.jpg
16:45	368118	mimejpg			rc://*/tm/dict/images/c/censer-people.jpg
16:45	368121	mimejpg			rc://*/tm/dict/images/c/censer-bronze.jpg
16:46	367484	mimejpg			rc://*/tm/dict/images/c/censer.jpg
16:46	368118	mimejpg			rc://*/tm/dict/images/c/censer-people.jpg
16:46	368121	mimejpg			rc://*/tm/dict/images/c/censer-bronze.jpg
16:47	367484	mimejpg			rc://*/tm/dict/images/c/censer.jpg
16:47	368118	mimejpg			rc://*/tm/dict/images/c/censer-people.jpg
16:47	368121	mimejpg			rc://*/tm/dict/images/c/censer-bronze.jpg
16:48	367484	mimejpg			rc://*/tm/dict/images/c/censer.jpg
16:48	368118	mimejpg			rc://*/tm/dict/images/c/censer-people.jpg
16:48	368121	mimejpg			rc://*/tm/dict/images/c/censer-bronze.jpg
16:49	367484	mimejpg			rc://*/tm/dict/images/c/censer.jpg
16:49	368118	mimejpg			rc://*/tm/dict/images/c/censer-people.jpg
16:49	368121	mimejpg			rc://*/tm/dict/images/c/censer-bronze.jpg
16:50	367484	mimejpg			rc://*/tm/dict/images/c/censer.jpg
16:50	368118	mimejpg			rc://*/tm/dict/images/c/censer-people.jpg
16:50	368121	mimejpg			rc://*/tm/dict/images/c/censer-bronze.jpg
21:10	367462	mimejpg			rc://*/tm/dict/images/r/river-valley.jpg
21:10	367501	mimejpg			rc://*/tm/dict/images/r/ravine-wide-view.jpg
21:10	367507	mimejpg			rc://*/tm/dict/images/d/dry-river-valley.jpg
21:10	367520	mimejpg			rc://*/tm/dict/images/r/ravine-petra.jpg
21:10	368144	mimejpg			rc://*/tm/dict/images/r/ravine.jpg
21:11	367462	mimejpg			rc://*/tm/dict/images/r/river-valley.jpg
21:11	367501	mimejpg			rc://*/tm/dict/images/r/ravine-wide-view.jpg
21:11	367507	mimejpg			rc://*/tm/dict/images/d/dry-river-valley.jpg
21:11	367520	mimejpg			rc://*/tm/dict/images/r/ravine-petra.jpg
21:11	368144	mimejpg			rc://*/tm/dict/images/r/ravine.jpg
21:12	367462	mimejpg			rc://*/tm/dict/images/r/river-valley.jpg
21:12	367501	mimejpg			rc://*/tm/dict/images/r/ravine-wide-view.jpg
21:12	367507	mimejpg			rc://*/tm/dict/images/d/dry-river-valley.jpg
21:12	367520	mimejpg			rc://*/tm/dict/images/r/ravine-petra.jpg
21:12	368144	mimejpg			rc://*/tm/dict/images/r/ravine.jpg
21:13	367462	mimejpg			rc://*/tm/dict/images/r/river-valley.jpg
21:13	367501	mimejpg			rc://*/tm/dict/images/r/ravine-wide-view.jpg
21:13	367507	mimejpg			rc://*/tm/dict/images/d/dry-river-valley.jpg
21:13	367520	mimejpg			rc://*/tm/dict/images/r/ravine-petra.jpg
21:13	368144	mimejpg			rc://*/tm/dict/images/r/ravine.jpg
21:14	367462	mimejpg			rc://*/tm/dict/images/r/river-valley.jpg
21:14	367501	mimejpg			rc://*/tm/dict/images/r/ravine-wide-view.jpg
21:14	367507	mimejpg			rc://*/tm/dict/images/d/dry-river-valley.jpg
21:14	367520	mimejpg			rc://*/tm/dict/images/r/ravine-petra.jpg
21:14	368144	mimejpg			rc://*/tm/dict/images/r/ravine.jpg
21:15	367462	mimejpg			rc://*/tm/dict/images/r/river-valley.jpg
21:15	367501	mimejpg			rc://*/tm/dict/images/r/ravine-wide-view.jpg
21:15	367507	mimejpg			rc://*/tm/dict/images/d/dry-river-valley.jpg
21:15	367520	mimejpg			rc://*/tm/dict/images/r/ravine-petra.jpg
21:15	368144	mimejpg			rc://*/tm/dict/images/r/ravine.jpg
21:16	367462	mimejpg			rc://*/tm/dict/images/r/river-valley.jpg
21:16	367501	mimejpg			rc://*/tm/dict/images/r/ravine-wide-view.jpg
21:16	367507	mimejpg			rc://*/tm/dict/images/d/dry-river-valley.jpg
21:16	367520	mimejpg			rc://*/tm/dict/images/r/ravine-petra.jpg
21:16	368144	mimejpg			rc://*/tm/dict/images/r/ravine.jpg
21:17	367462	mimejpg			rc://*/tm/dict/images/r/river-valley.jpg
21:17	367501	mimejpg			rc://*/tm/dict/images/r/ravine-wide-view.jpg
21:17	367507	mimejpg			rc://*/tm/dict/images/d/dry-river-valley.jpg
21:17	367520	mimejpg			rc://*/tm/dict/images/r/ravine-petra.jpg
21:17	368144	mimejpg			rc://*/tm/dict/images/r/ravine.jpg
21:18	367462	mimejpg			rc://*/tm/dict/images/r/river-valley.jpg
21:18	367501	mimejpg			rc://*/tm/dict/images/r/ravine-wide-view.jpg
21:18	367507	mimejpg			rc://*/tm/dict/images/d/dry-river-valley.jpg
21:18	367520	mimejpg			rc://*/tm/dict/images/r/ravine-petra.jpg
21:18	368144	mimejpg			rc://*/tm/dict/images/r/ravine.jpg
21:19	367462	mimejpg			rc://*/tm/dict/images/r/river-valley.jpg
21:19	367501	mimejpg			rc://*/tm/dict/images/r/ravine-wide-view.jpg
21:19	367507	mimejpg			rc://*/tm/dict/images/d/dry-river-valley.jpg
21:19	367520	mimejpg			rc://*/tm/dict/images/r/ravine-petra.jpg
21:19	368144	mimejpg			rc://*/tm/dict/images/r/ravine.jpg
21:20	367462	mimejpg			rc://*/tm/dict/images/r/river-valley.jpg
21:20	367501	mimejpg			rc://*/tm/dict/images/r/ravine-wide-view.jpg
21:20	367507	mimejpg			rc://*/tm/dict/images/d/dry-river-valley.jpg
21:20	367520	mimejpg			rc://*/tm/dict/images/r/ravine-petra.jpg
21:20	368144	mimejpg			rc://*/tm/dict/images/r/ravine.jpg
25:1	367503	mimejpg			rc://*/tm/dict/images/c/cows-yoked.jpg
25:1	368094	mimejpg			rc://*/tm/dict/images/c/cows-yoked-close.jpg
25:1	368148	mimejpg			rc://*/tm/dict/images/c/cows-yoked-view.jpg
25:2	367503	mimejpg			rc://*/tm/dict/images/c/cows-yoked.jpg
25:2	368094	mimejpg			rc://*/tm/dict/images/c/cows-yoked-close.jpg
25:2	368148	mimejpg			rc://*/tm/dict/images/c/cows-yoked-view.jpg
25:3	367503	mimejpg			rc://*/tm/dict/images/c/cows-yoked.jpg
25:3	368094	mimejpg			rc://*/tm/dict/images/c/cows-yoked-close.jpg
25:3	368148	mimejpg			rc://*/tm/dict/images/c/cows-yoked-view.jpg
25:4	367503	mimejpg			rc://*/tm/dict/images/c/cows-yoked.jpg
25:4	368094	mimejpg			rc://*/tm/dict/images/c/cows-yoked-close.jpg
25:4	368148	mimejpg			rc://*/tm/dict/images/c/cows-yoked-view.jpg
25:5	367503	mimejpg			rc://*/tm/dict/images/c/cows-yoked.jpg
25:5	368094	mimejpg			rc://*/tm/dict/images/c/cows-yoked-close.jpg
25:5	368148	mimejpg			rc://*/tm/dict/images/c/cows-yoked-view.jpg
25:6	367503	mimejpg			rc://*/tm/dict/images/c/cows-yoked.jpg
25:6	368094	mimejpg			rc://*/tm/dict/images/c/cows-yoked-close.jpg
25:6	368148	mimejpg			rc://*/tm/dict/images/c/cows-yoked-view.jpg
25:7	367503	mimejpg			rc://*/tm/dict/images/c/cows-yoked.jpg
25:7	368094	mimejpg			rc://*/tm/dict/images/c/cows-yoked-close.jpg
25:7	368148	mimejpg			rc://*/tm/dict/images/c/cows-yoked-view.jpg
25:8	367503	mimejpg			rc://*/tm/dict/images/c/cows-yoked.jpg
25:8	368094	mimejpg			rc://*/tm/dict/images/c/cows-yoked-close.jpg
25:8	368148	mimejpg			rc://*/tm/dict/images/c/cows-yoked-view.jpg
25:9	367503	mimejpg			rc://*/tm/dict/images/c/cows-yoked.jpg
25:9	368094	mimejpg			rc://*/tm/dict/images/c/cows-yoked-close.jpg
25:9	368148	mimejpg			rc://*/tm/dict/images/c/cows-yoked-view.jpg
28:1	367446	mimejpg			rc://*/tm/dict/images/f/flour-fine-action.jpg
28:1	367475	mimejpg			rc://*/tm/dict/images/m/mortar-pestle.jpg
28:1	367476	mimejpg			rc://*/tm/dict/images/f/flour-fine.jpg
28:1	367500	mimejpg			rc://*/tm/dict/images/m/mortar-pestle-ancient.jpg
28:1	368110	mimejpg			rc://*/tm/dict/images/m/mortar-pestle-close.jpg
28:1	368160	mimejpg			rc://*/tm/dict/images/f/flour-fine-hands.jpg
28:2	367446	mimejpg			rc://*/tm/dict/images/f/flour-fine-action.jpg
28:2	367475	mimejpg			rc://*/tm/dict/images/m/mortar-pestle.jpg
28:2	367476	mimejpg			rc://*/tm/dict/images/f/flour-fine.jpg
28:2	367500	mimejpg			rc://*/tm/dict/images/m/mortar-pestle-ancient.jpg
28:2	368110	mimejpg			rc://*/tm/dict/images/m/mortar-pestle-close.jpg
28:2	368160	mimejpg			rc://*/tm/dict/images/f/flour-fine-hands.jpg
28:3	367446	mimejpg			rc://*/tm/dict/images/f/flour-fine-action.jpg
28:3	367475	mimejpg			rc://*/tm/dict/images/m/mortar-pestle.jpg
28:3	367476	mimejpg			rc://*/tm/dict/images/f/flour-fine.jpg
28:3	367500	mimejpg			rc://*/tm/dict/images/m/mortar-pestle-ancient.jpg
28:3	368110	mimejpg			rc://*/tm/dict/images/m/mortar-pestle-close.jpg
28:3	368160	mimejpg			rc://*/tm/dict/images/f/flour-fine-hands.jpg
28:4	367446	mimejpg			rc://*/tm/dict/images/f/flour-fine-action.jpg
28:4	367475	mimejpg			rc://*/tm/dict/images/m/mortar-pestle.jpg
28:4	367476	mimejpg			rc://*/tm/dict/images/f/flour-fine.jpg
28:4	367500	mimejpg			rc://*/tm/dict/images/m/mortar-pestle-ancient.jpg
28:4	368110	mimejpg			rc://*/tm/dict/images/m/mortar-pestle-close.jpg
28:4	368160	mimejpg			rc://*/tm/dict/images/f/flour-fine-hands.jpg
28:5	367446	mimejpg			rc://*/tm/dict/images/f/flour-fine-action.jpg
28:5	367475	mimejpg			rc://*/tm/dict/images/m/mortar-pestle.jpg
28:5	367476	mimejpg			rc://*/tm/dict/images/f/flour-fine.jpg
28:5	367500	mimejpg			rc://*/tm/dict/images/m/mortar-pestle-ancient.jpg
28:5	368110	mimejpg			rc://*/tm/dict/images/m/mortar-pestle-close.jpg
28:5	368160	mimejpg			rc://*/tm/dict/images/f/flour-fine-hands.jpg
28:6	367446	mimejpg			rc://*/tm/dict/images/f/flour-fine-action.jpg
28:6	367475	mimejpg			rc://*/tm/dict/images/m/mortar-pestle.jpg
28:6	367476	mimejpg			rc://*/tm/dict/images/f/flour-fine.jpg
28:6	367500	mimejpg			rc://*/tm/dict/images/m/mortar-pestle-ancient.jpg
28:6	368110	mimejpg			rc://*/tm/dict/images/m/mortar-pestle-close.jpg
28:6	368160	mimejpg			rc://*/tm/dict/images/f/flour-fine-hands.jpg
28:7	367446	mimejpg			rc://*/tm/dict/images/f/flour-fine-action.jpg
28:7	367475	mimejpg			rc://*/tm/dict/images/m/mortar-pestle.jpg
28:7	367476	mimejpg			rc://*/tm/dict/images/f/flour-fine.jpg
28:7	367500	mimejpg			rc://*/tm/dict/images/m/mortar-pestle-ancient.jpg
28:7	368110	mimejpg			rc://*/tm/dict/images/m/mortar-pestle-close.jpg
28:7	368160	mimejpg			rc://*/tm/dict/images/f/flour-fine-hands.jpg
28:8	367446	mimejpg			rc://*/tm/dict/images/f/flour-fine-action.jpg
28:8	367475	mimejpg			rc://*/tm/dict/images/m/mortar-pestle.jpg
28:8	367476	mimejpg			rc://*/tm/dict/images/f/flour-fine.jpg
28:8	367500	mimejpg			rc://*/tm/dict/images/m/mortar-pestle-ancient.jpg
28:8	368110	mimejpg			rc://*/tm/dict/images/m/mortar-pestle-close.jpg
28:8	368160	mimejpg			rc://*/tm/dict/images/f/flour-fine-hands.jpg
28:9	367446	mimejpg			rc://*/tm/dict/images/f/flour-fine-action.jpg
28:9	367475	mimejpg			rc://*/tm/dict/images/m/mortar-pestle.jpg
28:9	367476	mimejpg			rc://*/tm/dict/images/f/flour-fine.jpg
28:9	367500	mimejpg			rc://*/tm/dict/images/m/mortar-pestle-ancient.jpg
28:9	368110	mimejpg			rc://*/tm/dict/images/m/mortar-pestle-close.jpg
28:9	368160	mimejpg			rc://*/tm/dict/images/f/flour-fine-hands.jpg
28:10	367446	mimejpg			rc://*/tm/dict/images/f/flour-fine-action.jpg
28:10	367475	mimejpg			rc://*/tm/dict/images/m/mortar-pestle.jpg
28:10	367476	mimejpg			rc://*/tm/dict/images/f/flour-fine.jpg
28:10	367500	mimejpg			rc://*/tm/dict/images/m/mortar-pestle-ancient.jpg
28:10	368110	mimejpg			rc://*/tm/dict/images/m/mortar-pestle-close.jpg
28:10	368160	mimejpg			rc://*/tm/dict/images/f/flour-fine-hands.jpg
28:11	367485	mimejpg			rc://*/tm/dict/images/b/bull.jpg
28:12	367485	mimejpg			rc://*/tm/dict/images/b/bull.jpg
28:13	367485	mimejpg			rc://*/tm/dict/images/b/bull.jpg
28:14	367485	mimejpg			rc://*/tm/dict/images/b/bull.jpg
28:15	367485	mimejpg			rc://*/tm/dict/images/b/bull.jpg
28:16	367485	mimejpg			rc://*/tm/dict/images/b/bull.jpg
28:17	367485	mimejpg			rc://*/tm/dict/images/b/bull.jpg
28:18	367485	mimejpg			rc://*/tm/dict/images/b/bull.jpg
28:19	367485	mimejpg			rc://*/tm/dict/images/b/bull.jpg
28:20	367485	mimejpg			rc://*/tm/dict/images/b/bull.jpg
28:21	367485	mimejpg			rc://*/tm/dict/images/b/bull.jpg
28:22	367485	mimejpg			rc://*/tm/dict/images/b/bull.jpg
28:23	367485	mimejpg			rc://*/tm/dict/images/b/bull.jpg
28:24	367485	mimejpg			rc://*/tm/dict/images/b/bull.jpg
28:25	367485	mimejpg			rc://*/tm/dict/images/b/bull.jpg
32:16	367483	mimejpg			rc://*/tm/dict/images/c/city-walled-model.jpg
32:16	368082	mimejpg			rc://*/tm/dict/images/c/city-wall-model.jpg
32:16	368101	mimejpg			rc://*/tm/dict/images/c/city-walled-outside.jpg
32:17	367483	mimejpg			rc://*/tm/dict/images/c/city-walled-model.jpg
32:17	368082	mimejpg			rc://*/tm/dict/images/c/city-wall-model.jpg
32:17	368101	mimejpg			rc://*/tm/dict/images/c/city-walled-outside.jpg
32:18	367483	mimejpg			rc://*/tm/dict/images/c/city-walled-model.jpg
32:18	368082	mimejpg			rc://*/tm/dict/images/c/city-wall-model.jpg
32:18	368101	mimejpg			rc://*/tm/dict/images/c/city-walled-outside.jpg
32:19	367483	mimejpg			rc://*/tm/dict/images/c/city-walled-model.jpg
32:19	368082	mimejpg			rc://*/tm/dict/images/c/city-wall-model.jpg
32:19	368101	mimejpg			rc://*/tm/dict/images/c/city-walled-outside.jpg
32:20	367483	mimejpg			rc://*/tm/dict/images/c/city-walled-model.jpg
32:20	368082	mimejpg			rc://*/tm/dict/images/c/city-wall-model.jpg
32:20	368101	mimejpg			rc://*/tm/dict/images/c/city-walled-outside.jpg
32:21	367483	mimejpg			rc://*/tm/dict/images/c/city-walled-model.jpg
32:21	368082	mimejpg			rc://*/tm/dict/images/c/city-wall-model.jpg
32:21	368101	mimejpg			rc://*/tm/dict/images/c/city-walled-outside.jpg
32:22	367483	mimejpg			rc://*/tm/dict/images/c/city-walled-model.jpg
32:22	368082	mimejpg			rc://*/tm/dict/images/c/city-wall-model.jpg
32:22	368101	mimejpg			rc://*/tm/dict/images/c/city-walled-outside.jpg
32:23	367483	mimejpg			rc://*/tm/dict/images/c/city-walled-model.jpg
32:23	368082	mimejpg			rc://*/tm/dict/images/c/city-wall-model.jpg
32:23	368101	mimejpg			rc://*/tm/dict/images/c/city-walled-outside.jpg
32:24	367483	mimejpg			rc://*/tm/dict/images/c/city-walled-model.jpg
32:24	368082	mimejpg			rc://*/tm/dict/images/c/city-wall-model.jpg
32:24	368101	mimejpg			rc://*/tm/dict/images/c/city-walled-outside.jpg
32:25	367483	mimejpg			rc://*/tm/dict/images/c/city-walled-model.jpg
32:25	368082	mimejpg			rc://*/tm/dict/images/c/city-wall-model.jpg
32:25	368101	mimejpg			rc://*/tm/dict/images/c/city-walled-outside.jpg
32:26	367483	mimejpg			rc://*/tm/dict/images/c/city-walled-model.jpg
32:26	368082	mimejpg			rc://*/tm/dict/images/c/city-wall-model.jpg
32:26	368101	mimejpg			rc://*/tm/dict/images/c/city-walled-outside.jpg
32:27	367483	mimejpg			rc://*/tm/dict/images/c/city-walled-model.jpg
32:27	368082	mimejpg			rc://*/tm/dict/images/c/city-wall-model.jpg
32:27	368101	mimejpg			rc://*/tm/dict/images/c/city-walled-outside.jpg
34:1	367468	mimejpg			rc://*/tm/dict/images/c/cliffs-white-three.jpg
34:1	367480	mimejpg			rc://*/tm/dict/images/m/mountain-pass-path.jpg
34:1	367505	mimejpg			rc://*/tm/dict/images/m/mountain-pass-view.jpg
34:1	367517	mimejpg			rc://*/tm/dict/images/c/coast-view-two.jpg
34:1	367519	mimejpg			rc://*/tm/dict/images/c/coast-view-three.jpg
34:1	368075	mimejpg			rc://*/tm/dict/images/c/cliffs-white-one.jpg
34:1	368081	mimejpg			rc://*/tm/dict/images/c/coast-view-one.jpg
34:1	368119	mimejpg			rc://*/tm/dict/images/m/mountain-pass.jpg
34:2	367468	mimejpg			rc://*/tm/dict/images/c/cliffs-white-three.jpg
34:2	367480	mimejpg			rc://*/tm/dict/images/m/mountain-pass-path.jpg
34:2	367505	mimejpg			rc://*/tm/dict/images/m/mountain-pass-view.jpg
34:2	367517	mimejpg			rc://*/tm/dict/images/c/coast-view-two.jpg
34:2	367519	mimejpg			rc://*/tm/dict/images/c/coast-view-three.jpg
34:2	368075	mimejpg			rc://*/tm/dict/images/c/cliffs-white-one.jpg
34:2	368081	mimejpg			rc://*/tm/dict/images/c/coast-view-one.jpg
34:2	368119	mimejpg			rc://*/tm/dict/images/m/mountain-pass.jpg
34:3	367468	mimejpg			rc://*/tm/dict/images/c/cliffs-white-three.jpg
34:3	367480	mimejpg			rc://*/tm/dict/images/m/mountain-pass-path.jpg
34:3	367505	mimejpg			rc://*/tm/dict/images/m/mountain-pass-view.jpg
34:3	367517	mimejpg			rc://*/tm/dict/images/c/coast-view-two.jpg
34:3	367519	mimejpg			rc://*/tm/dict/images/c/coast-view-three.jpg
34:3	368075	mimejpg			rc://*/tm/dict/images/c/cliffs-white-one.jpg
34:3	368081	mimejpg			rc://*/tm/dict/images/c/coast-view-one.jpg
34:3	368119	mimejpg			rc://*/tm/dict/images/m/mountain-pass.jpg
34:4	367468	mimejpg			rc://*/tm/dict/images/c/cliffs-white-three.jpg
34:4	367480	mimejpg			rc://*/tm/dict/images/m/mountain-pass-path.jpg
34:4	367505	mimejpg			rc://*/tm/dict/images/m/mountain-pass-view.jpg
34:4	367517	mimejpg			rc://*/tm/dict/images/c/coast-view-two.jpg
34:4	367519	mimejpg			rc://*/tm/dict/images/c/coast-view-three.jpg
34:4	368075	mimejpg			rc://*/tm/dict/images/c/cliffs-white-one.jpg
34:4	368081	mimejpg			rc://*/tm/dict/images/c/coast-view-one.jpg
34:4	368119	mimejpg			rc://*/tm/dict/images/m/mountain-pass.jpg
34:5	367468	mimejpg			rc://*/tm/dict/images/c/cliffs-white-three.jpg
34:5	367480	mimejpg			rc://*/tm/dict/images/m/mountain-pass-path.jpg
34:5	367505	mimejpg			rc://*/tm/dict/images/m/mountain-pass-view.jpg
34:5	367517	mimejpg			rc://*/tm/dict/images/c/coast-view-two.jpg
34:5	367519	mimejpg			rc://*/tm/dict/images/c/coast-view-three.jpg
34:5	368075	mimejpg			rc://*/tm/dict/images/c/cliffs-white-one.jpg
34:5	368081	mimejpg			rc://*/tm/dict/images/c/coast-view-one.jpg
34:5	368119	mimejpg			rc://*/tm/dict/images/m/mountain-pass.jpg
34:6	367468	mimejpg			rc://*/tm/dict/images/c/cliffs-white-three.jpg
34:6	367480	mimejpg			rc://*/tm/dict/images/m/mountain-pass-path.jpg
34:6	367505	mimejpg			rc://*/tm/dict/images/m/mountain-pass-view.jpg
34:6	367517	mimejpg			rc://*/tm/dict/images/c/coast-view-two.jpg
34:6	367519	mimejpg			rc://*/tm/dict/images/c/coast-view-three.jpg
34:6	368075	mimejpg			rc://*/tm/dict/images/c/cliffs-white-one.jpg
34:6	368081	mimejpg			rc://*/tm/dict/images/c/coast-view-one.jpg
34:6	368119	mimejpg			rc://*/tm/dict/images/m/mountain-pass.jpg
34:7	367468	mimejpg			rc://*/tm/dict/images/c/cliffs-white-three.jpg
34:7	367480	mimejpg			rc://*/tm/dict/images/m/mountain-pass-path.jpg
34:7	367505	mimejpg			rc://*/tm/dict/images/m/mountain-pass-view.jpg
34:7	367517	mimejpg			rc://*/tm/dict/images/c/coast-view-two.jpg
34:7	367519	mimejpg			rc://*/tm/dict/images/c/coast-view-three.jpg
34:7	368075	mimejpg			rc://*/tm/dict/images/c/cliffs-white-one.jpg
34:7	368081	mimejpg			rc://*/tm/dict/images/c/coast-view-one.jpg
34:7	368119	mimejpg			rc://*/tm/dict/images/m/mountain-pass.jpg
34:8	367468	mimejpg			rc://*/tm/dict/images/c/cliffs-white-three.jpg
34:8	367480	mimejpg			rc://*/tm/dict/images/m/mountain-pass-path.jpg
34:8	367505	mimejpg			rc://*/tm/dict/images/m/mountain-pass-view.jpg
34:8	367517	mimejpg			rc://*/tm/dict/images/c/coast-view-two.jpg
34:8	367519	mimejpg			rc://*/tm/dict/images/c/coast-view-three.jpg
34:8	368075	mimejpg			rc://*/tm/dict/images/c/cliffs-white-one.jpg
34:8	368081	mimejpg			rc://*/tm/dict/images/c/coast-view-one.jpg
34:8	368119	mimejpg			rc://*/tm/dict/images/m/mountain-pass.jpg
34:9	367468	mimejpg			rc://*/tm/dict/images/c/cliffs-white-three.jpg
34:9	367480	mimejpg			rc://*/tm/dict/images/m/mountain-pass-path.jpg
34:9	367505	mimejpg			rc://*/tm/dict/images/m/mountain-pass-view.jpg
34:9	367517	mimejpg			rc://*/tm/dict/images/c/coast-view-two.jpg
34:9	367519	mimejpg			rc://*/tm/dict/images/c/coast-view-three.jpg
34:9	368075	mimejpg			rc://*/tm/dict/images/c/cliffs-white-one.jpg
34:9	368081	mimejpg			rc://*/tm/dict/images/c/coast-view-one.jpg
34:9	368119	mimejpg			rc://*/tm/dict/images/m/mountain-pass.jpg
34:10	367468	mimejpg			rc://*/tm/dict/images/c/cliffs-white-three.jpg
34:10	367480	mimejpg			rc://*/tm/dict/images/m/mountain-pass-path.jpg
34:10	367505	mimejpg			rc://*/tm/dict/images/m/mountain-pass-view.jpg
34:10	367517	mimejpg			rc://*/tm/dict/images/c/coast-view-two.jpg
34:10	367519	mimejpg			rc://*/tm/dict/images/c/coast-view-three.jpg
34:10	368075	mimejpg			rc://*/tm/dict/images/c/cliffs-white-one.jpg
34:10	368081	mimejpg			rc://*/tm/dict/images/c/coast-view-one.jpg
34:10	368119	mimejpg			rc://*/tm/dict/images/m/mountain-pass.jpg
34:11	367468	mimejpg			rc://*/tm/dict/images/c/cliffs-white-three.jpg
34:11	367480	mimejpg			rc://*/tm/dict/images/m/mountain-pass-path.jpg
34:11	367505	mimejpg			rc://*/tm/dict/images/m/mountain-pass-view.jpg
34:11	367517	mimejpg			rc://*/tm/dict/images/c/coast-view-two.jpg
34:11	367519	mimejpg			rc://*/tm/dict/images/c/coast-view-three.jpg
34:11	368075	mimejpg			rc://*/tm/dict/images/c/cliffs-white-one.jpg
34:11	368081	mimejpg			rc://*/tm/dict/images/c/coast-view-one.jpg
34:11	368119	mimejpg			rc://*/tm/dict/images/m/mountain-pass.jpg
34:12	367468	mimejpg			rc://*/tm/dict/images/c/cliffs-white-three.jpg
34:12	367480	mimejpg			rc://*/tm/dict/images/m/mountain-pass-path.jpg
34:12	367505	mimejpg			rc://*/tm/dict/images/m/mountain-pass-view.jpg
34:12	367517	mimejpg			rc://*/tm/dict/images/c/coast-view-two.jpg
34:12	367519	mimejpg			rc://*/tm/dict/images/c/coast-view-three.jpg
34:12	368075	mimejpg			rc://*/tm/dict/images/c/cliffs-white-one.jpg
34:12	368081	mimejpg			rc://*/tm/dict/images/c/coast-view-one.jpg
34:12	368119	mimejpg			rc://*/tm/dict/images/m/mountain-pass.jpg
34:13	367468	mimejpg			rc://*/tm/dict/images/c/cliffs-white-three.jpg
34:13	367480	mimejpg			rc://*/tm/dict/images/m/mountain-pass-path.jpg
34:13	367505	mimejpg			rc://*/tm/dict/images/m/mountain-pass-view.jpg
34:13	367517	mimejpg			rc://*/tm/dict/images/c/coast-view-two.jpg
34:13	367519	mimejpg			rc://*/tm/dict/images/c/coast-view-three.jpg
34:13	368075	mimejpg			rc://*/tm/dict/images/c/cliffs-white-one.jpg
34:13	368081	mimejpg			rc://*/tm/dict/images/c/coast-view-one.jpg
34:13	368119	mimejpg			rc://*/tm/dict/images/m/mountain-pass.jpg
34:14	367468	mimejpg			rc://*/tm/dict/images/c/cliffs-white-three.jpg
34:14	367480	mimejpg			rc://*/tm/dict/images/m/mountain-pass-path.jpg
34:14	367505	mimejpg			rc://*/tm/dict/images/m/mountain-pass-view.jpg
34:14	367517	mimejpg			rc://*/tm/dict/images/c/coast-view-two.jpg
34:14	367519	mimejpg			rc://*/tm/dict/images/c/coast-view-three.jpg
34:14	368075	mimejpg			rc://*/tm/dict/images/c/cliffs-white-one.jpg
34:14	368081	mimejpg			rc://*/tm/dict/images/c/coast-view-one.jpg
34:14	368119	mimejpg			rc://*/tm/dict/images/m/mountain-pass.jpg
34:15	367468	mimejpg			rc://*/tm/dict/images/c/cliffs-white-three.jpg
34:15	367480	mimejpg			rc://*/tm/dict/images/m/mountain-pass-path.jpg
34:15	367505	mimejpg			rc://*/tm/dict/images/m/mountain-pass-view.jpg
34:15	367517	mimejpg			rc://*/tm/dict/images/c/coast-view-two.jpg
34:15	367519	mimejpg			rc://*/tm/dict/images/c/coast-view-three.jpg
34:15	368075	mimejpg			rc://*/tm/dict/images/c/cliffs-white-one.jpg
34:15	368081	mimejpg			rc://*/tm/dict/images/c/coast-view-one.jpg
34:15	368119	mimejpg			rc://*/tm/dict/images/m/mountain-pass.jpg
35:1	367483	mimejpg			rc://*/tm/dict/images/c/city-walled-model.jpg
35:1	368082	mimejpg			rc://*/tm/dict/images/c/city-wall-model.jpg
35:1	368101	mimejpg			rc://*/tm/dict/images/c/city-walled-outside.jpg
35:2	367483	mimejpg			rc://*/tm/dict/images/c/city-walled-model.jpg
35:2	368082	mimejpg			rc://*/tm/dict/images/c/city-wall-model.jpg
35:2	368101	mimejpg			rc://*/tm/dict/images/c/city-walled-outside.jpg
35:3	367483	mimejpg			rc://*/tm/dict/images/c/city-walled-model.jpg
35:3	368082	mimejpg			rc://*/tm/dict/images/c/city-wall-model.jpg
35:3	368101	mimejpg			rc://*/tm/dict/images/c/city-walled-outside.jpg
35:4	367483	mimejpg			rc://*/tm/dict/images/c/city-walled-model.jpg
35:4	368082	mimejpg			rc://*/tm/dict/images/c/city-wall-model.jpg
35:4	368101	mimejpg			rc://*/tm/dict/images/c/city-walled-outside.jpg
35:5	367483	mimejpg			rc://*/tm/dict/images/c/city-walled-model.jpg
35:5	368082	mimejpg			rc://*/tm/dict/images/c/city-wall-model.jpg
35:5	368101	mimejpg			rc://*/tm/dict/images/c/city-walled-outside.jpg
35:6	367483	mimejpg			rc://*/tm/dict/images/c/city-walled-model.jpg
35:6	368082	mimejpg			rc://*/tm/dict/images/c/city-wall-model.jpg
35:6	368101	mimejpg			rc://*/tm/dict/images/c/city-walled-outside.jpg
35:7	367483	mimejpg			rc://*/tm/dict/images/c/city-walled-model.jpg
35:7	368082	mimejpg			rc://*/tm/dict/images/c/city-wall-model.jpg
35:7	368101	mimejpg			rc://*/tm/dict/images/c/city-walled-outside.jpg
35:8	367483	mimejpg			rc://*/tm/dict/images/c/city-walled-model.jpg
35:8	368082	mimejpg			rc://*/tm/dict/images/c/city-wall-model.jpg
35:8	368101	mimejpg			rc://*/tm/dict/images/c/city-walled-outside.jpg